Image Name,Image Screen Shot url,Priority,Assigned on,Alt Text,Long Description
124-0047-1_2.png,https://raw.githubusercontent.com/dakshsolution/daksh-31d6cfe0/main/images/124-0047-1_2.png,,,,
124-0047-1_3.png,https://raw.githubusercontent.com/dakshsolution/daksh-31d6cfe0/main/images/124-0047-1_3.png,,,,
124-0047-1_4.png,https://raw.githubusercontent.com/dakshsolution/daksh-31d6cfe0/main/images/124-0047-1_4.png,,,,
124-0047-1_5.png,https://raw.githubusercontent.com/dakshsolution/daksh-31d6cfe0/main/images/124-0047-1_5.png,,,,
21-case09_9.png,https://raw.githubusercontent.com/dakshsolution/daksh-31d6cfe0/main/images/21-case09_9.png,,,,
22-case10_9.png,https://raw.githubusercontent.com/dakshsolution/daksh-31d6cfe0/main/images/22-case10_9.png,,,,
24-case12_7.png,https://raw.githubusercontent.com/dakshsolution/daksh-31d6cfe0/main/images/24-case12_7.png,,,,
25-case13_3.png,https://raw.githubusercontent.com/dakshsolution/daksh-31d6cfe0/main/images/25-case13_3.png,,,,
31-case19_4.png,https://raw.githubusercontent.com/dakshsolution/daksh-31d6cfe0/main/images/31-case19_4.png,,,,
31-case19_5.png,https://raw.githubusercontent.com/dakshsolution/daksh-31d6cfe0/main/images/31-case19_5.png,,,,
324-0169-1_3.png,https://raw.githubusercontent.com/dakshsolution/daksh-31d6cfe0/main/images/324-0169-1_3.png,,,,
324-0169-1_4.png,https://raw.githubusercontent.com/dakshsolution/daksh-31d6cfe0/main/images/324-0169-1_4.png,,,,
324-0169-1_7.png,https://raw.githubusercontent.com/dakshsolution/daksh-31d6cfe0/main/images/324-0169-1_7.png,,,,
324-0169-1_8.png,https://raw.githubusercontent.com/dakshsolution/daksh-31d6cfe0/main/images/324-0169-1_8.png,,,,
324-0321-1_10.png,https://raw.githubusercontent.com/dakshsolution/daksh-31d6cfe0/main/images/324-0321-1_10.png,,,,
324-0321-1_11.png,https://raw.githubusercontent.com/dakshsolution/daksh-31d6cfe0/main/images/324-0321-1_11.png,,,,
324-0321-1_2.png,https://raw.githubusercontent.com/dakshsolution/daksh-31d6cfe0/main/images/324-0321-1_2.png,,,,
325-0078-1_3.png,https://raw.githubusercontent.com/dakshsolution/daksh-31d6cfe0/main/images/325-0078-1_3.png,,,,
325-0102-1_6.png,https://raw.githubusercontent.com/dakshsolution/daksh-31d6cfe0/main/images/325-0102-1_6.png,,,,
325-0102-1_7.png,https://raw.githubusercontent.com/dakshsolution/daksh-31d6cfe0/main/images/325-0102-1_7.png,,,,
325-0102-1_8.png,https://raw.githubusercontent.com/dakshsolution/daksh-31d6cfe0/main/images/325-0102-1_8.png,,,,
325-0102-1_9.png,https://raw.githubusercontent.com/dakshsolution/daksh-31d6cfe0/main/images/325-0102-1_9.png,,,,
325-0164-1_5.png,https://raw.githubusercontent.com/dakshsolution/daksh-31d6cfe0/main/images/325-0164-1_5.png,,,,
325-0164-1_6.png,https://raw.githubusercontent.com/dakshsolution/daksh-31d6cfe0/main/images/325-0164-1_6.png,,,,
325-0175-1_5.png,https://raw.githubusercontent.com/dakshsolution/daksh-31d6cfe0/main/images/325-0175-1_5.png,,,,
325-0175-1_6.png,https://raw.githubusercontent.com/dakshsolution/daksh-31d6cfe0/main/images/325-0175-1_6.png,,,,
424-0055-1_11.png,https://raw.githubusercontent.com/dakshsolution/daksh-31d6cfe0/main/images/424-0055-1_11.png,,,,
425-0018-1_9.png,https://raw.githubusercontent.com/dakshsolution/daksh-31d6cfe0/main/images/425-0018-1_9.png,,,,
425-0026-1_9.png,https://raw.githubusercontent.com/dakshsolution/daksh-31d6cfe0/main/images/425-0026-1_9.png,,,,
425-0030-1_12.png,https://raw.githubusercontent.com/dakshsolution/daksh-31d6cfe0/main/images/425-0030-1_12.png,,,,
425-0030-1_13.png,https://raw.githubusercontent.com/dakshsolution/daksh-31d6cfe0/main/images/425-0030-1_13.png,,,,
525-0060-1_7.png,https://raw.githubusercontent.com/dakshsolution/daksh-31d6cfe0/main/images/525-0060-1_7.png,,,,
525-0060-1_8.png,https://raw.githubusercontent.com/dakshsolution/daksh-31d6cfe0/main/images/525-0060-1_8.png,,,,
624-0046-1_11.png,https://raw.githubusercontent.com/dakshsolution/daksh-31d6cfe0/main/images/624-0046-1_11.png,,,,
624-0046-1_4.png,https://raw.githubusercontent.com/dakshsolution/daksh-31d6cfe0/main/images/624-0046-1_4.png,,,,
624-0046-1_5.png,https://raw.githubusercontent.com/dakshsolution/daksh-31d6cfe0/main/images/624-0046-1_5.png,,,,
624-0046-1_7.png,https://raw.githubusercontent.com/dakshsolution/daksh-31d6cfe0/main/images/624-0046-1_7.png,,,,
624-0046-1_9.png,https://raw.githubusercontent.com/dakshsolution/daksh-31d6cfe0/main/images/624-0046-1_9.png,,,,
625-0007-1_11.png,https://raw.githubusercontent.com/dakshsolution/daksh-31d6cfe0/main/images/625-0007-1_11.png,,,,
625-0007-1_13.png,https://raw.githubusercontent.com/dakshsolution/daksh-31d6cfe0/main/images/625-0007-1_13.png,,,,
625-0007-1_2.png,https://raw.githubusercontent.com/dakshsolution/daksh-31d6cfe0/main/images/625-0007-1_2.png,,,,
625-0010-5_14.png,https://raw.githubusercontent.com/dakshsolution/daksh-31d6cfe0/main/images/625-0010-5_14.png,,,,
625-0010-5_16.png,https://raw.githubusercontent.com/dakshsolution/daksh-31d6cfe0/main/images/625-0010-5_16.png,,,,
625-0011-1_3.png,https://raw.githubusercontent.com/dakshsolution/daksh-31d6cfe0/main/images/625-0011-1_3.png,,,,
625-0011-1_5.png,https://raw.githubusercontent.com/dakshsolution/daksh-31d6cfe0/main/images/625-0011-1_5.png,,,,
625-0011-1_6.png,https://raw.githubusercontent.com/dakshsolution/daksh-31d6cfe0/main/images/625-0011-1_6.png,,,,
625-0013-5_11.png,https://raw.githubusercontent.com/dakshsolution/daksh-31d6cfe0/main/images/625-0013-5_11.png,,,,
625-0013-5_12.png,https://raw.githubusercontent.com/dakshsolution/daksh-31d6cfe0/main/images/625-0013-5_12.png,,,,
625-0013-5_13.png,https://raw.githubusercontent.com/dakshsolution/daksh-31d6cfe0/main/images/625-0013-5_13.png,,,,
625-0013-5_14.png,https://raw.githubusercontent.com/dakshsolution/daksh-31d6cfe0/main/images/625-0013-5_14.png,,,,
625-0013-5_15.png,https://raw.githubusercontent.com/dakshsolution/daksh-31d6cfe0/main/images/625-0013-5_15.png,,,,
625-0013-5_16.png,https://raw.githubusercontent.com/dakshsolution/daksh-31d6cfe0/main/images/625-0013-5_16.png,,,,
625-0013-5_18.png,https://raw.githubusercontent.com/dakshsolution/daksh-31d6cfe0/main/images/625-0013-5_18.png,,,,
625-0013-5_3.png,https://raw.githubusercontent.com/dakshsolution/daksh-31d6cfe0/main/images/625-0013-5_3.png,,,,
625-0013-5_5.png,https://raw.githubusercontent.com/dakshsolution/daksh-31d6cfe0/main/images/625-0013-5_5.png,,,,
625-0013-5_7.png,https://raw.githubusercontent.com/dakshsolution/daksh-31d6cfe0/main/images/625-0013-5_7.png,,,,
625-0013-5_8.png,https://raw.githubusercontent.com/dakshsolution/daksh-31d6cfe0/main/images/625-0013-5_8.png,,,,
825-0022-1_12.png,https://raw.githubusercontent.com/dakshsolution/daksh-31d6cfe0/main/images/825-0022-1_12.png,,,,
825-0022-1_2.png,https://raw.githubusercontent.com/dakshsolution/daksh-31d6cfe0/main/images/825-0022-1_2.png,,,,
825-0022-1_4.png,https://raw.githubusercontent.com/dakshsolution/daksh-31d6cfe0/main/images/825-0022-1_4.png,,,,
825-0022-1_6.png,https://raw.githubusercontent.com/dakshsolution/daksh-31d6cfe0/main/images/825-0022-1_6.png,,,,
825-0022-1_8.png,https://raw.githubusercontent.com/dakshsolution/daksh-31d6cfe0/main/images/825-0022-1_8.png,,,,
825-0022-1_9.png,https://raw.githubusercontent.com/dakshsolution/daksh-31d6cfe0/main/images/825-0022-1_9.png,,,,
825-0024-1_11.png,https://raw.githubusercontent.com/dakshsolution/daksh-31d6cfe0/main/images/825-0024-1_11.png,,,,
825-0024-1_12.png,https://raw.githubusercontent.com/dakshsolution/daksh-31d6cfe0/main/images/825-0024-1_12.png,,,,
924-0022-1_11.png,https://raw.githubusercontent.com/dakshsolution/daksh-31d6cfe0/main/images/924-0022-1_11.png,,,,
924-0022-1_4.png,https://raw.githubusercontent.com/dakshsolution/daksh-31d6cfe0/main/images/924-0022-1_4.png,,,,
924-0022-1_6.png,https://raw.githubusercontent.com/dakshsolution/daksh-31d6cfe0/main/images/924-0022-1_6.png,,,,
924-0022-1_7.png,https://raw.githubusercontent.com/dakshsolution/daksh-31d6cfe0/main/images/924-0022-1_7.png,,,,
925-0004-1_11.png,https://raw.githubusercontent.com/dakshsolution/daksh-31d6cfe0/main/images/925-0004-1_11.png,,,,
925-0004-1_12.png,https://raw.githubusercontent.com/dakshsolution/daksh-31d6cfe0/main/images/925-0004-1_12.png,,,,
925-0004-1_13.png,https://raw.githubusercontent.com/dakshsolution/daksh-31d6cfe0/main/images/925-0004-1_13.png,,,,
925-0005-1_10.png,https://raw.githubusercontent.com/dakshsolution/daksh-31d6cfe0/main/images/925-0005-1_10.png,,,,
925-0005-1_12.png,https://raw.githubusercontent.com/dakshsolution/daksh-31d6cfe0/main/images/925-0005-1_12.png,,,,
925-0005-1_13.png,https://raw.githubusercontent.com/dakshsolution/daksh-31d6cfe0/main/images/925-0005-1_13.png,,,,
925-0010-1_9.png,https://raw.githubusercontent.com/dakshsolution/daksh-31d6cfe0/main/images/925-0010-1_9.png,,,,
KE1302_10.png,https://raw.githubusercontent.com/dakshsolution/daksh-31d6cfe0/main/images/KE1302_10.png,,,,
KE1302_3.png,https://raw.githubusercontent.com/dakshsolution/daksh-31d6cfe0/main/images/KE1302_3.png,,,,
KE1302_8.png,https://raw.githubusercontent.com/dakshsolution/daksh-31d6cfe0/main/images/KE1302_8.png,,,,
KE1302_9.png,https://raw.githubusercontent.com/dakshsolution/daksh-31d6cfe0/main/images/KE1302_9.png,,,,
